[{"@type":"mappingTemplate","id":"@1","name":"mp_Dedup_Customers","description":"","bundleVersion":"0","templateId":"@3","deployTime":1666145535000,"hasParameters":false,"valid":true,"fixedConnection":true,"hasParametersDeployed":false,"fixedConnectionDeployed":true,"tasks":0,"mappingPreviewFileRecordId":"@2","documentType":"MAPPING","references":[{"@type":"reference","refObjectId":"@jxcLyONQQ4AiWV4tLOoXSF","refType":"frsDocument"},{"@type":"reference","refObjectId":"@9SOsC0AdIBNhnvdOlLIfGS","refType":"connection"},{"@type":"reference","refObjectId":"@b1oF5WQHbAOlUcCOthcCM3","refType":"connection"}]}]