[{"@type":"mappingTemplate","id":"@1","name":"mp_Generate_and_Process_File_List","description":"","bundleVersion":"0","templateId":"@3","deployTime":1667351421000,"hasParameters":false,"valid":true,"fixedConnection":true,"hasParametersDeployed":false,"fixedConnectionDeployed":true,"tasks":1,"mappingPreviewFileRecordId":"@2","documentType":"MAPPING","references":[{"@type":"reference","refObjectId":"@4tTDsGQdU0PeHbh6xYVxMp","refType":"structureDefinition"},{"@type":"reference","refObjectId":"@9j8XyJyQrJwcT5xnKEMZMH","refType":"connection"}]}]