[{"@type":"fileRecord","id":"@5","name":"request","type":"XSD","size":6900,"attachTime":1666233215000},{"@type":"fileRecord","id":"@4","name":"metadata","type":"JSON","size":2025,"attachTime":1666233215000},{"@type":"fileRecord","id":"@3","name":"fault","type":"XSD","size":6456,"attachTime":1666233215000},{"@type":"fileRecord","id":"@2","name":"extension","type":"XML","size":26034,"attachTime":1666233215000},{"@type":"fileRecord","id":"@6","name":"response","type":"XSD","size":6361,"attachTime":1666233215000}]