[{"@type":"mappingTemplate","id":"@1","name":"02_LD_MySQL_Ora_Order","description":"","bundleVersion":"0","templateId":"@3","deployTime":1666149437000,"hasParameters":false,"valid":true,"fixedConnection":true,"hasParametersDeployed":false,"fixedConnectionDeployed":true,"tasks":0,"mappingPreviewFileRecordId":"@2","documentType":"MAPPING","references":[{"@type":"reference","refObjectId":"@4N9pTHuFkwMgxLNDSO9M2q","refType":"connection"},{"@type":"reference","refObjectId":"@3BrwBudaFOcji52xeXE88w","refType":"connection"}]}]