[{"@type":"mappingTemplate","id":"@1","name":"mp_S3_Multiple_XML_to_CSV","description":".","bundleVersion":"0","templateId":"@3","deployTime":1667351420000,"hasParameters":false,"valid":true,"fixedConnection":true,"hasParametersDeployed":false,"fixedConnectionDeployed":true,"tasks":0,"mappingPreviewFileRecordId":"@2","documentType":"MAPPING","references":[{"@type":"reference","refObjectId":"@4tTDsGQdU0PeHbh6xYVxMp","refType":"structureDefinition"},{"@type":"reference","refObjectId":"@9j8XyJyQrJwcT5xnKEMZMH","refType":"connection"},{"@type":"reference","refObjectId":"@49zT5nlY3MaeQhCb5mJmWv","refType":"connection"}]}]