[{"@type":"mappingTemplate","id":"@1","name":"m_Complex_Transforms_ETL","description":"","bundleVersion":"0","templateId":"@3","deployTime":1668385471000,"hasParameters":false,"valid":true,"fixedConnection":true,"hasParametersDeployed":false,"fixedConnectionDeployed":true,"tasks":0,"mappingPreviewFileRecordId":"@2","documentType":"","references":[{"@type":"reference","refObjectId":"@eM3hx1rIpYUbqUfQlAJfqR","refType":"connection"},{"@type":"reference","refObjectId":"@6i2s6xbB8nqijPAb548mah","refType":"connection"}]}]