[{"@type":"mappingTemplate","id":"@1","name":"u5b_mp_Customer_Loyalty_File","description":"","bundleVersion":"0","templateId":"@3","deployTime":1665011080000,"hasParameters":false,"valid":true,"fixedConnection":true,"hasParametersDeployed":false,"fixedConnectionDeployed":true,"tasks":1,"mappingPreviewFileRecordId":"@2","documentType":"MAPPING","references":[{"@type":"reference","refObjectId":"@9FEUsImL496gjLX618My63","refType":"connection"},{"@type":"reference","refObjectId":"@1Yr2QzCNtkQl625gNcKU40","refType":"connection"}]}]