[{"@type":"mappingTemplate","id":"@1","name":"u5b_mp_Customer_Loyalty_File","description":"","bundleVersion":"0","templateId":"@3","deployTime":1664931058000,"hasParameters":false,"valid":true,"fixedConnection":true,"hasParametersDeployed":false,"fixedConnectionDeployed":true,"tasks":1,"mappingPreviewFileRecordId":"@2","documentType":"MAPPING","references":[{"@type":"reference","refObjectId":"@2jqby4ZldJjiq4RwkUOpec","refType":"connection"},{"@type":"reference","refObjectId":"@5uGVwYiCZROkZRVKBJqeAA","refType":"connection"}]}]