[{"@type":"mappingTemplate","id":"@1","name":"03_m_ora_dq_Customer_Cleaned","description":"","bundleVersion":"0","templateId":"@3","deployTime":1666149435000,"hasParameters":false,"valid":true,"fixedConnection":true,"hasParametersDeployed":false,"fixedConnectionDeployed":true,"tasks":0,"mappingPreviewFileRecordId":"@2","documentType":"MAPPING","references":[{"@type":"reference","refObjectId":"@3BrwBudaFOcji52xeXE88w","refType":"connection"},{"@type":"reference","refObjectId":"@hWeTY2aigEDgWJ0pkVVAay","refType":"frsDocument"},{"@type":"reference","refObjectId":"@7ErENegpa2jgR2pKyXJ82t","refType":"frsDocument"},{"@type":"reference","refObjectId":"@iykfOrBPckqftkZfaWluI6","refType":"frsDocument"}]}]