[{"@type":"mappingTemplate","id":"@1","name":"mp_Input_Params","description":"Auckland","bundleVersion":"0","templateId":"@3","deployTime":1666233216000,"hasParameters":false,"valid":true,"fixedConnection":true,"hasParametersDeployed":false,"fixedConnectionDeployed":true,"tasks":0,"mappingPreviewFileRecordId":"@2","documentType":"MAPPING","references":[{"@type":"reference","refObjectId":"@5MxJjVE8kKNfRy3f5dLQsZ","refType":"connection"},{"@type":"reference","refObjectId":"@4wNOLFf1IAnkmxE0YcJkmQ@CAI_Callback","refType":"businessOperation"},{"@type":"reference","refObjectId":"@b1oF5WQHbAOlUcCOthcCM3","refType":"connection"},{"@type":"reference","refObjectId":"@4wNOLFf1IAnkmxE0YcJkmQ","refType":"businessService"}]}]