[{"@type":"mappingTemplate","id":"@1","name":"mp_Input_Params","description":"Auckland","bundleVersion":"0","templateId":"@3","deployTime":1666589379000,"hasParameters":false,"valid":true,"fixedConnection":true,"hasParametersDeployed":false,"fixedConnectionDeployed":true,"tasks":0,"mappingPreviewFileRecordId":"@2","documentType":"MAPPING","references":[{"@type":"reference","refObjectId":"@9j8XyJyQrJwcT5xnKEMZMH","refType":"connection"},{"@type":"reference","refObjectId":"@4qj0ZdsjOXliAscmcVQc6p","refType":"businessService"},{"@type":"reference","refObjectId":"@7yQQWKS9lVZcg8DwlFkAar","refType":"connection"},{"@type":"reference","refObjectId":"@4qj0ZdsjOXliAscmcVQc6p@CAI_Callback","refType":"businessOperation"}]}]