[{"@type":"mappingTemplate","id":"@1","name":"u7b-Process-Raw-to-Enrich","description":"","bundleVersion":"0","templateId":"@3","deployTime":1664964991000,"hasParameters":false,"valid":true,"fixedConnection":true,"hasParametersDeployed":false,"fixedConnectionDeployed":true,"tasks":1,"mappingPreviewFileRecordId":"@2","documentType":"MAPPING","references":[{"@type":"reference","refObjectId":"@5uGVwYiCZROkZRVKBJqeAA","refType":"connection"},{"@type":"reference","refObjectId":"@d4EdxotcFIqkjZ8DjpT5Wn","refType":"structureDefinition"}]}]